{"cameraMode":{"drawMode":0,"name":"Shaded","section":"Shading Mode"},"sceneLighting":true,"audioPlay":false,"sceneViewState":{"showFog":true,"showMaterialUpdate":false,"showSkybox":true,"showFlares":true,"showImageEffects":true,"showParticleSystems":true},"in2DMode":false,"pivot":{"x":12.245728492736817,"y":1.7227078676223755,"z":-18.789058685302736},"rotation":{"x":0.0015538687584921718,"y":-0.996025800704956,"z":0.018241172656416894,"w":0.08804861456155777},"size":52.12709426879883,"orthographic":false}