{"cameraMode":{"drawMode":0,"name":"Shaded","section":"Shading Mode"},"sceneLighting":true,"audioPlay":false,"sceneViewState":{"showFog":true,"showMaterialUpdate":false,"showSkybox":true,"showFlares":true,"showImageEffects":true,"showParticleSystems":true},"in2DMode":false,"pivot":{"x":43.332763671875,"y":-1.6751232147216797,"z":39.302677154541019},"rotation":{"x":-0.08697927743196488,"y":-0.2632785737514496,"z":0.023846693336963655,"w":-0.960529088973999},"size":63.635494232177737,"orthographic":false}