{"cameraMode":{"drawMode":0,"name":"Shaded","section":"Shading Mode"},"sceneLighting":true,"audioPlay":false,"sceneViewState":{"showFog":true,"showMaterialUpdate":false,"showSkybox":true,"showFlares":true,"showImageEffects":true,"showParticleSystems":true},"in2DMode":false,"pivot":{"x":120.9678726196289,"y":-12.393630981445313,"z":518.4605712890625},"rotation":{"x":-0.05724542587995529,"y":-0.03346499428153038,"z":0.001956065185368061,"w":-0.9978270530700684},"size":464.3312072753906,"orthographic":false}