{"cameraMode":{"drawMode":0,"name":"Shaded","section":"Shading Mode"},"sceneLighting":true,"audioPlay":false,"sceneViewState":{"showFog":true,"showMaterialUpdate":false,"showSkybox":true,"showFlares":true,"showImageEffects":true,"showParticleSystems":true},"in2DMode":false,"pivot":{"x":29.386072158813478,"y":-87.12551879882813,"z":-29.587093353271486},"rotation":{"x":-0.1502174735069275,"y":-0.8375391364097595,"z":0.4411813020706177,"w":-0.2852814495563507},"size":178.387451171875,"orthographic":false}